MDVP:Fo(Hz),MDVP:Fhi(Hz),MDVP:Flo(Hz),MDVP:Jitter(%),MDVP:Jitter(Abs),MDVP:RAP,MDVP:PPQ,Jitter:DDP,MDVP:Shimmer,MDVP:Shimmer(dB),Shimmer:APQ3,Shimmer:APQ5,MDVP:APQ,Shimmer:DDA,NHR,HNR,RPDE,DFA,spread1,spread2,D2,PPE
198.7,220.5,174.8,0.0007,0.00001,0.0003,0.0004,0.0010,0.015,0.140,0.0060,0.0080,0.0085,0.0180,0.0030,28.2,0.30,0.49,-1.85,0.015,1.00,0.10
202.3,230.2,178.3,0.0008,0.00001,0.0004,0.0005,0.0012,0.016,0.150,0.0065,0.0085,0.0092,0.0195,0.0035,28.0,0.31,0.50,-1.90,0.016,1.02,0.11
211.0,240.0,182.5,0.0011,0.00001,0.0006,0.0007,0.0016,0.020,0.170,0.0079,0.0102,0.0110,0.0237,0.0049,26.5,0.34,0.53,-2.10,0.020,1.2,0.14
204.8,238.5,179.1,0.0010,0.00001,0.0005,0.0006,0.0014,0.018,0.155,0.0070,0.0091,0.0099,0.0210,0.0043,27.0,0.33,0.52,-2.03,0.019,1.15,0.12
115.6,150.2,97.8,0.0110,0.00010,0.0060,0.0068,0.0180,0.055,0.490,0.0260,0.0320,0.0345,0.0780,0.0450,18.2,0.53,0.79,-4.70,0.135,2.5,0.54
